own-001	Ownership	Choice	Who holds the copyright for this software?
own-002	Ownership	Boolean	Are there multiple copyright holders?
own-003	Ownership	Boolean	Can ownership of this software be transferred?
own-004	Ownership	Boolean	Are there existing ownership claims or liens on this software?
own-005	Ownership	Boolean	Is this a work made for hire?
copy-001	Copyright	Boolean	Does this license explicitly address copyright?
copy-002	Copyright	Text	What copyright notice format should be used?
copy-003	Copyright	Boolean	Must copyright registration be obtained?
copy-004	Copyright	Choice	Can copyright be waived or dedicated to the public domain?
copy-005	Copyright	Choice	How long should the copyright protection period be?
com-001	CommercialUse	Choice	Is commercial use of this software permitted?
com-002	CommercialUse	Boolean	Does commercial use require a separate license?
com-003	CommercialUse	Number	What revenue threshold triggers commercial license requirements?
com-004	CommercialUse	MultiChoice	What commercial use restrictions apply?
com-005	CommercialUse	Boolean	Should a dual-licensing model be offered?
res-001	Research	Boolean	Is use in academic or scientific research permitted?
res-002	Research	Boolean	Are research results built with this software required to be shared openly?
res-003	Research	Boolean	Do research institutions receive special license terms?
res-004	Research	Choice	What are the publication requirements when using this software in research?
acad-001	Academic	Boolean	Is use in academic coursework and teaching permitted?
acad-002	Academic	Choice	What academic license terms should apply?
acad-003	Academic	Boolean	Can students use this software in personal projects?
acad-004	Academic	Boolean	Are academic institutions required to include the license in course materials?
pat-001	PatentGrant	Boolean	Does this license include an express patent grant?
pat-002	PatentGrant	Choice	What is the scope of the patent grant?
pat-003	PatentGrant	MultiChoice	What conditions attach to the patent grant?
pat-004	PatentGrant	Boolean	Does the license include a patent retaliation clause?
ptr-001	PatentRetaliation	Boolean	Should the patent retaliation clause be included?
ptr-002	PatentRetaliation	MultiChoice	What triggers the patent retaliation clause?
ptr-003	PatentRetaliation	Choice	What is the scope of the patent retaliation?
ptr-004	PatentRetaliation	Boolean	Is there a defensive termination provision?
tm-001	Trademark	Boolean	Can the software name and trademarks be used by licensees?
tm-002	Trademark	MultiChoice	What trademark usage restrictions apply?
tm-003	Trademark	Boolean	Are trademarks licensed separately from the copyright?
tm-004	Trademark	Text	What are the trademark attribution requirements?
src-001	SourceDisclosure	Choice	Must source code be disclosed when distributing the software?
src-002	SourceDisclosure	MultiChoice	What triggers source code disclosure obligations?
src-003	SourceDisclosure	Choice	What is the timeline for source code disclosure?
src-004	SourceDisclosure	Choice	Where must disclosed source code be hosted?
slink-001	StaticLinking	Boolean	Is static linking to this software permitted?
slink-002	StaticLinking	Boolean	Does static linking create a derivative work?
slink-003	StaticLinking	Choice	What license propagation requirements apply for static linking?
slink-004	StaticLinking	Boolean	Is object code disclosure required for statically linked works?
dlink-001	DynamicLinking	Boolean	Is dynamic linking to this software permitted?
dlink-002	DynamicLinking	Boolean	Does dynamic linking create a derivative work?
dlink-003	DynamicLinking	Choice	What license obligations apply to dynamically linked code?
dlink-004	DynamicLinking	Boolean	Is API/interface stability guaranteed for dynamic linking?
net-001	NetworkUse	Boolean	Does providing the software over a network constitute distribution?
net-002	NetworkUse	MultiChoice	What network use restrictions apply?
net-003	NetworkUse	Choice	How are API interactions classified?
net-004	NetworkUse	Boolean	Is network interaction logging required?
dist-001	Distribution	Boolean	Is binary distribution of the software permitted?
dist-002	Distribution	MultiChoice	What conditions apply to distribution?
dist-003	Distribution	Boolean	Must the license be included in all distributions?
dist-004	Distribution	MultiChoice	Are there restrictions on distribution media?
mod-001	Modification	Boolean	Is modification of the software allowed?
mod-002	Modification	Boolean	Must modifications to the software be disclosed?
mod-003	Modification	Choice	What naming requirements apply to modified versions?
mod-004	Modification	Boolean	Are modifications subject to review or approval?
priv-001	PrivateUse	Boolean	Is private use of the software permitted without restrictions?
priv-002	PrivateUse	Boolean	Does private use include internal business use?
priv-003	PrivateUse	Choice	Are there sharing limitations on private use?
priv-004	PrivateUse	Choice	What are the private modification requirements?
gov-001	Government	Boolean	Is use by government agencies permitted?
gov-002	Government	Choice	What license terms apply to government agencies?
gov-003	Government	MultiChoice	Are there restrictions on government use?
gov-004	Government	Boolean	Must the software comply with government procurement standards?
mil-001	Military	Boolean	Is use by military organizations permitted?
mil-002	Military	MultiChoice	Which military branches are subject to restrictions?
mil-003	Military	Boolean	Is use by defense contractors permitted?
mil-004	Military	MultiChoice	What military application restrictions apply?
ai-001	AiTraining	Choice	Is use of this software for AI/ML model training permitted?
ai-002	AiTraining	MultiChoice	What data requirements apply to AI training?
ai-003	AiTraining	Choice	How should AI model outputs be licensed?
ai-004	AiTraining	Boolean	Is training data attribution required for AI models?
aiinf-001	AiInference	Boolean	Is use of AI models trained on this software permitted for inference?
aiinf-002	AiInference	MultiChoice	Are there restrictions on inference outputs?
aiinf-003	AiInference	Boolean	Must inference usage be reported?
aiinf-004	AiInference	Choice	Is commercial inference licensing required?
mw-001	ModelWeights	Boolean	Are model weights included in the license scope?
mw-002	ModelWeights	Choice	What are the model weight distribution terms?
mw-003	ModelWeights	Choice	How should fine-tuned model weights be licensed?
mw-004	ModelWeights	Boolean	Are model weight modifications permitted?
ds-001	DatasetUsage	Boolean	Is dataset usage covered by this license?
ds-002	DatasetUsage	Choice	What are the dataset redistribution terms?
ds-003	DatasetUsage	Boolean	Are dataset derivative works allowed?
ds-004	DatasetUsage	Text	What dataset attribution requirements apply?
redist-001	Redistribution	Boolean	Is redistribution of the original software allowed?
redist-002	Redistribution	MultiChoice	What conditions apply to redistribution?
redist-003	Redistribution	Boolean	Can the software be redistributed in combination with other software?
redist-004	Redistribution	MultiChoice	Are there redistributor obligations beyond the license text?
resale-001	Resale	Choice	Is resale of the software permitted?
resale-002	Resale	Choice	Are there resale pricing restrictions?
resale-003	Resale	Number	Is revenue sharing required on resale?
resale-004	Resale	Boolean	Must resale activities be reported to the licensor?
host-001	Hosting	Boolean	Is hosting of the software for third parties permitted?
host-002	Hosting	MultiChoice	Are there hosting service restrictions?
host-003	Hosting	Boolean	Does hosting require a separate license?
host-004	Hosting	Boolean	Must hosting providers offer SLA guarantees?
cloud-001	Cloud	Boolean	Is cloud deployment of the software permitted?
cloud-002	Cloud	MultiChoice	Are there cloud provider restrictions?
cloud-003	Cloud	Boolean	Is cloud usage metering required?
cloud-004	Cloud	Choice	How should multi-tenant cloud deployments be licensed?
saas-001	Saas	Choice	Is SaaS deployment of the software permitted?
saas-002	Saas	Number	Is revenue sharing required for SaaS deployments?
saas-003	Saas	Number	Are there user count limitations for SaaS deployments?
saas-004	Saas	Boolean	Must SaaS providers display specific branding?
paas-001	Paas	Boolean	Is PaaS deployment of the software permitted?
paas-002	Paas	MultiChoice	Are there PaaS integration restrictions?
paas-003	Paas	Choice	What PaaS licensing model should be used?
paas-004	Paas	Text	What data handling requirements apply to PaaS deployments?
cont-001	Containers	Boolean	Is containerization of the software permitted?
cont-002	Containers	Choice	Can container images be redistributed?
cont-003	Containers	MultiChoice	Are there base image restrictions for containers?
cont-004	Containers	Text	What orchestration platform terms apply?
oem-001	Oem	Choice	Is OEM bundling of the software permitted?
oem-002	Oem	Number	Are there OEM license fees?
oem-003	Oem	MultiChoice	What OEM branding requirements apply?
oem-004	Oem	Boolean	Do OEM partners have support obligations?
attr-001	Attribution	Boolean	Is attribution of the original authors required?
attr-002	Attribution	Text	What format must the attribution take?
attr-003	Attribution	MultiChoice	Where must attribution appear?
attr-004	Attribution	Choice	Can attribution notices be modified by downstream users?
noti-001	Notice	Boolean	Are license notices required beyond attribution?
noti-002	Notice	MultiChoice	Where must license notices be placed?
noti-003	Notice	Text	What content must the license notice contain?
noti-004	Notice	Boolean	Can license notices be removed by downstream users?
war-001	Warranty	Choice	Is warranty provided with the software?
war-002	Warranty	Choice	What is the warranty duration?
war-003	Warranty	MultiChoice	What does the warranty cover?
war-004	Warranty	Boolean	Is an express warranty disclaimer included?
liab-001	Liability	Boolean	Is liability limitation included in the license?
liab-002	Liability	Choice	What is the maximum liability amount?
liab-003	Liability	MultiChoice	What types of liability are excluded?
liab-004	Liability	Boolean	Is indemnification required from the licensor?
term-001	Termination	MultiChoice	Under what conditions does the license terminate?
term-002	Termination	Boolean	Is there a cure period for license violations?
term-003	Termination	Choice	What is the cure period duration?
term-004	Termination	MultiChoice	What post-termination obligations exist?
rev-001	Revocation	Choice	Can the license be revoked by the licensor?
rev-002	Revocation	Text	What notice is required for license revocation?
rev-003	Revocation	Choice	When does revocation take effect?
rev-004	Revocation	Boolean	Is there an appeal process for revocation?
exp-001	Expiration	Boolean	Does the license have a fixed expiration date?
exp-002	Expiration	Choice	What is the license duration?
exp-003	Expiration	Text	What are the renewal requirements?
exp-004	Expiration	Boolean	Must expiration be notified to licensees?
jur-001	Jurisdiction	Choice	Which jurisdiction governs this license?
jur-002	Jurisdiction	Choice	What dispute resolution method applies?
jur-003	Jurisdiction	Boolean	Is arbitration mandatory for disputes?
jur-004	Jurisdiction	Text	What is the governing law selection?
ec-001	ExportControl	Boolean	Are there export restrictions on this software?
ec-002	ExportControl	Choice	What is the export control classification?
ec-003	ExportControl	Text	Which countries are subject to export restrictions?
ec-004	ExportControl	MultiChoice	What export compliance requirements apply?
crypt-001	Cryptography	Boolean	Does the software use cryptographic algorithms?
crypt-002	Cryptography	MultiChoice	Are there restrictions on which cryptographic algorithms can be used?
crypt-003	Cryptography	Boolean	Are export restrictions applicable due to cryptographic usage?
crypt-004	Cryptography	Choice	What cryptographic usage license applies?
wm-001	Watermarking	Boolean	Is watermarking of outputs required?
wm-002	Watermarking	Boolean	Is watermark removal prohibited?
wm-003	Watermarking	Choice	What watermarking standards should be used?
wm-004	Watermarking	Boolean	Is watermark detection required?
drm-001	Drm	Boolean	Can DRM be applied to the software?
drm-002	Drm	Boolean	Is DRM circumvention prohibited?
drm-003	Drm	MultiChoice	Are there DRM technology restrictions?
drm-004	Drm	Choice	What are the user rights regarding DRM?
dw-001	DerivativeWorks	Boolean	Are derivative works of the software allowed?
dw-002	DerivativeWorks	Choice	What license must derivative works use?
dw-003	DerivativeWorks	Boolean	Is attribution required for derivative works?
dw-004	DerivativeWorks	Text	What constitutes a 'substantial modification' for derivative work classification?
fork-001	Forks	Boolean	Is forking of the software permitted?
fork-002	Forks	Choice	Are there naming requirements for forks?
fork-003	Forks	Boolean	Must fork creators notify the original project?
fork-004	Forks	Boolean	Should forks contribute improvements back to the original project?
contrib-001	Contributions	Boolean	Are external contributions to the software accepted?
contrib-002	Contributions	Choice	What licensing terms apply to contributions?
contrib-003	Contributions	Text	What is the contribution review process?
contrib-004	Contributions	Boolean	Do contributors retain rights to their contributions?
pr-001	PullRequests	Boolean	Are pull requests accepted as a contribution method?
pr-002	PullRequests	MultiChoice	What review requirements apply to pull requests?
pr-003	PullRequests	MultiChoice	What are the merge criteria for pull requests?
pr-004	PullRequests	Choice	Who owns the code in merged pull requests?
cla-001	ContributorLicenseAgreement	Boolean	Is a Contributor License Agreement (CLA) required?
cla-002	ContributorLicenseAgreement	Text	What are the CLA terms?
cla-003	ContributorLicenseAgreement	Boolean	Must the CLA be signed before a contribution is accepted?
cla-004	ContributorLicenseAgreement	Boolean	Does the CLA cover patent rights?
dual-001	DualLicensing	Boolean	Is dual licensing offered for this software?
dual-002	DualLicensing	Text	What is the second license option?
dual-003	DualLicensing	MultiChoice	Under what conditions can users choose between the two licenses?
dual-004	DualLicensing	Text	How can users switch between the two licenses?
roy-001	Royalty	Choice	Are royalties required for use of this software?
roy-002	Royalty	Number	What is the royalty rate?
roy-003	Royalty	Choice	What is the royalty payment schedule?
roy-004	Royalty	Text	What royalty reporting requirements apply?
sub-001	Subscription	Boolean	Is this a subscription-based license?
sub-002	Subscription	Choice	What is the subscription period?
sub-003	Subscription	Text	What are the subscription renewal terms?
sub-004	Subscription	Text	What is the subscription cancellation policy?
seat-001	PerSeat	Boolean	Is per-seat licensing used for this software?
seat-002	PerSeat	Number	What is the maximum number of seats?
seat-003	PerSeat	Boolean	Is seat sharing allowed between users?
seat-004	PerSeat	Boolean	Are seat audits required?
user-001	PerUser	Boolean	Is per-user licensing used for this software?
user-002	PerUser	Number	What is the maximum number of users?
user-003	PerUser	MultiChoice	Are there user type restrictions?
user-004	PerUser	Text	What user authentication requirements apply?
dev-001	PerDevice	Boolean	Is per-device licensing used for this software?
dev-002	PerDevice	Number	What is the maximum number of devices?
dev-003	PerDevice	MultiChoice	Are there device type restrictions?
dev-004	PerDevice	Boolean	Is device migration allowed?
cpu-001	PerCpu	Boolean	Is per-CPU licensing used for this software?
cpu-002	PerCpu	Choice	How are CPU cores counted for licensing purposes?
cpu-003	PerCpu	Choice	How are virtual CPUs handled for licensing?
cpu-004	PerCpu	Choice	Are there multi-processor licensing considerations?
comp-001	PerCompany	Boolean	Is per-company licensing used for this software?
comp-002	PerCompany	Choice	Does per-company licensing cover subsidiaries?
comp-003	PerCompany	Number	Is there a company size restriction for licensing?
comp-004	PerCompany	Text	What happens to the license during company mergers or acquisitions?
oc-001	OpenCore	Boolean	Does this project use an open-core licensing model?
oc-002	OpenCore	Text	What is the split between core and premium features?
oc-003	OpenCore	Choice	What license applies to the open-source core?
oc-004	OpenCore	Text	What is the premium feature license?
ef-001	EnterpriseFeatures	Boolean	Are enterprise-specific features included in the license?
ef-002	EnterpriseFeatures	MultiChoice	What enterprise features require a separate license?
ef-003	EnterpriseFeatures	Choice	What is the pricing model for enterprise features?
ef-004	EnterpriseFeatures	Boolean	Is enterprise support included with enterprise features?
ff-001	FeatureFlags	Boolean	Are feature flags used for licensing control?
ff-002	FeatureFlags	Choice	How are feature flags enforced?
ff-003	FeatureFlags	Boolean	Is bypassing feature flags prohibited?
ff-004	FeatureFlags	Boolean	Is an audit trail maintained for feature flag changes?
telem-001	Telemetry	Boolean	Is telemetry collection included in the software?
telem-002	Telemetry	Boolean	Is telemetry opt-out allowed?
telem-003	Telemetry	MultiChoice	How is telemetry data used?
telem-004	Telemetry	Boolean	Is telemetry data shared with third parties?
privy-001	Privacy	Boolean	Does the license include privacy provisions?
privy-002	Privacy	MultiChoice	Which privacy regulations must be complied with?
privy-003	Privacy	Text	What data processing terms apply?
privy-004	Privacy	Boolean	Are privacy audit requirements included?
child-001	Children	Boolean	Is use of this software by children permitted?
child-002	Children	Number	What is the minimum age requirement for using this software?
child-003	Children	Boolean	Is parental consent required for children's use?
child-004	Children	Boolean	Is COPPA compliance required for use in the United States?
hc-001	Healthcare	Choice	Is use of this software in healthcare applications permitted?
hc-002	Healthcare	Boolean	Is HIPAA compliance required for healthcare use?
hc-003	Healthcare	Choice	What medical device classification applies?
hc-004	Healthcare	MultiChoice	What healthcare data handling requirements apply?
fin-001	Finance	Choice	Is use of this software in financial applications permitted?
fin-002	Finance	MultiChoice	What financial regulation compliance is required?
fin-003	Finance	Boolean	Is a fiduciary responsibility disclaimer included?
fin-004	Finance	Text	What financial data handling requirements apply?
govu-001	GovernmentUse	Boolean	Is specific government use beyond general government agency use addressed?
govu-002	GovernmentUse	MultiChoice	Are there government agency restrictions?
govu-003	GovernmentUse	Text	What government reporting requirements apply?
govu-004	GovernmentUse	Boolean	Are government audit rights included?
def-001	Defense	Choice	Is use in defense applications permitted?
def-002	Defense	Boolean	Is ITAR compliance required?
def-003	Defense	Choice	What classification level restrictions apply?
def-004	Defense	Text	What defense procurement terms apply?
bio-001	Biotechnology	Choice	Is use in biotechnology applications permitted?
bio-002	Biotechnology	Boolean	Is biosafety compliance required?
bio-003	Biotechnology	Boolean	Are there GMO restrictions?
bio-004	Biotechnology	Choice	What biotech data sharing requirements apply?
nuc-001	Nuclear	Choice	Is use in nuclear applications permitted?
nuc-002	Nuclear	Boolean	Is nuclear safety compliance required?
nuc-003	Nuclear	MultiChoice	What nuclear regulatory requirements apply?
nuc-004	Nuclear	Boolean	Is a nuclear liability disclaimer included?
robo-001	Robotics	Boolean	Is use in robotics applications permitted?
robo-002	Robotics	MultiChoice	Are there autonomous operation restrictions?
robo-003	Robotics	Boolean	Is safety certification required?
robo-004	Robotics	Text	What robotics liability terms apply?
iot-001	Iot	Boolean	Is use in IoT devices permitted?
iot-002	Iot	MultiChoice	Are there IoT device restrictions?
iot-003	Iot	Text	What IoT data collection terms apply?
iot-004	Iot	Boolean	Are firmware update requirements included?
emb-001	Embedded	Boolean	Is use in embedded systems permitted?
emb-002	Embedded	MultiChoice	Are there embedded system restrictions?
emb-003	Embedded	Text	What flash memory requirements apply?
emb-004	Embedded	MultiChoice	What embedded license compatibility requirements apply?
edu-001	Education	Boolean	Is use in educational settings permitted?
edu-002	Education	Choice	What educational institution licensing terms apply?
edu-003	Education	Text	What terms apply to student projects using the software?
edu-004	Education	Choice	Can educational content created with the software be licensed freely?
ri-001	ResearchInstitutions	Boolean	Are research institutions given special license terms?
ri-002	ResearchInstitutions	Choice	What are the publication requirements for research institutions?
ri-003	ResearchInstitutions	Choice	What research data sharing requirements apply?
ri-004	ResearchInstitutions	Text	What are the research collaboration terms?
np-001	Nonprofit	Boolean	Is use by nonprofit organizations permitted?
np-002	Nonprofit	Boolean	Is nonprofit status verification required?
np-003	Nonprofit	Choice	What nonprofit license terms should apply?
np-004	Nonprofit	Number	Are there revenue restrictions for nonprofit license eligibility?
fnd-001	Foundation	Boolean	Is the software managed by a foundation?
fnd-002	Foundation	Text	What foundation governance requirements apply?
fnd-003	Foundation	Text	What foundation reporting obligations exist?
fnd-004	Foundation	Text	What foundation trademark usage rules apply?
ce-001	CommercialExceptions	Boolean	Are there exceptions to commercial use restrictions?
ce-002	CommercialExceptions	MultiChoice	What exception categories exist?
ce-003	CommercialExceptions	Text	What is the exception approval process?
ce-004	CommercialExceptions	Choice	How long do commercial exceptions last?
sp-001	SpecialPermissions	Boolean	Are special permissions available for non-standard use cases?
sp-002	SpecialPermissions	Text	What is the special permission request process?
sp-003	SpecialPermissions	Text	What are the special permission approval criteria?
sp-004	SpecialPermissions	Text	What are the special permission revocation terms?
own-006	Ownership	Boolean	Is joint ownership documented in a written agreement?
attr-005	Attribution	Boolean	Is attribution required in binary distributions?
noti-005	Notice	Boolean	Are change notices required for modifications?
war-005	Warranty	Boolean	Is there a warranty for third-party components?
dw-005	DerivativeWorks	Choice	Are plugins and extensions considered derivative works?
ai-005	AiTraining	Boolean	Must AI training provenance be documented?
privy-005	Privacy	Text	What data breach notification requirements apply?
